{"schema":5,"addons":[{"id":"langpack-zh-CN@firefox.mozilla.org","icons":{"32":"https://addons.cdn.mozilla.net/static/img/addon-icons/default-32.png","64":"https://addons.cdn.mozilla.net/static/img/addon-icons/default-64.png","128":"https://addons.cdn.mozilla.net/static/img/addon-icons/default-128.png"},"name":"Chinese Simplified (zh-CN) Language Pack","version":"66.0buildid20190326175229","sourceURI":"https://addons.mozilla.org/firefox/downloads/file/1723197/chinese_simplified_zh_cn_language_pack-66.0buildid20190326175229-fx.xpi?src=","homepageURL":null,"supportURL":null,"description":"Chinese Simplified (zh-CN) Language Pack","fullDescription":null,"weeklyDownloads":543,"type":"locale","creator":{"name":"Mozilla","url":"https://addons.mozilla.org/en-US/firefox/user/4757633/"},"developers":[],"screenshots":[],"contributionURL":"","averageRating":4.4286,"reviewCount":40,"reviewURL":"https://addons.mozilla.org/en-US/firefox/addon/chinese-simplified-zh-cn-la/reviews/","updateDate":1553636720000}],"compatOverrides":[]}